{"objects":[{"idx":"AutoPlantMode","type":"Dropdown","value":"Placeable Spot"},{"idx":"AutoPlantSeeds","type":"Dropdown","value":["All"]},{"idx":"MutationsToFeed","type":"Dropdown","value":[]},{"idx":"AlwaysShowHoney","type":"Toggle","value":true},{"idx":"ESP_SelectMutations","type":"Dropdown","value":[]},{"idx":"GearAmount","type":"Slider","value":"0"},{"idx":"PetPredictor","type":"Toggle","value":true},{"idx":"AutoCollectOnlyFruits","type":"Dropdown","value":[]},{"idx":"TargetVersion","type":"Textbox","value":""},{"idx":"TeleportLocations","type":"Dropdown","value":""},{"idx":"GearCraftItems","type":"Dropdown","value":""},{"idx":"Removables","type":"Dropdown","value":[]},{"idx":"FeedAtHunger","type":"Slider","value":"1"},{"idx":"PlantWeightVisual","type":"Toggle","value":true},{"idx":"AutoRemoveFruits_Weight","type":"Textbox","value":""},{"idx":"AutoRemoveFruits","type":"Toggle","value":false},{"idx":"AutoCalculate","type":"Toggle","value":true},{"idx":"AutoFavoriteMutations","type":"Dropdown","value":[]},{"idx":"SaveManager_ConfigurationList","type":"Dropdown","value":""},{"idx":"AutoPurchaseGear","type":"Toggle","value":true},{"idx":"SaveManager_ConfigNameTextBox","type":"Textbox","value":"farm"},{"idx":"AutoSprinkler","type":"Toggle","value":true},{"idx":"SelectTargetServer","type":"Dropdown","value":""},{"idx":"AutoSubmitSummerHarvestRewardTarget","type":"Dropdown","value":"COMMON REWARDS"},{"idx":"AutoSellMethod","type":"Dropdown","value":["Full Backpack"]},{"idx":"AutoWateringCan","type":"Toggle","value":true},{"idx":"ESP_SelectFruits","type":"Dropdown","value":[]},{"idx":"Blackscreen","type":"Toggle","value":false},{"idx":"AlwaysShowSummerCoins","type":"Toggle","value":true},{"idx":"AutoPlant","type":"Toggle","value":true},{"idx":"HideGarden","type":"Toggle","value":false},{"idx":"AutoPurchaseCosmetics","type":"Toggle","value":false},{"idx":"BloodmoonSmartHop","type":"Toggle","value":false},{"idx":"AutoMutationSprinkler","type":"Toggle","value":false},{"idx":"AutoFavorite","type":"Toggle","value":false},{"idx":"CosmeticAmount","type":"Slider","value":"1"},{"idx":"AutoFriend","type":"Toggle","value":true},{"idx":"BoostFPS","type":"Toggle","value":true},{"idx":"AutoSprinklers","type":"Dropdown","value":["All"]},{"idx":"AutoRodPositions","type":"Dropdown","value":[]},{"idx":"OpenUI_EventShop","type":"Toggle","value":false},{"idx":"AutoCollectOnlyMutations","type":"Dropdown","value":[]},{"idx":"AutoSellPets","type":"Toggle","value":false},{"idx":"Input_ServerCode","type":"Textbox","value":""},{"idx":"AutoPurchaseEggs","type":"Toggle","value":true},{"idx":"Cosmetics","type":"Dropdown","value":[]},{"idx":"OpenUI_SeedShop","type":"Toggle","value":false},{"idx":"AutoCraftSeedToggle","type":"Toggle","value":false},{"idx":"AutoFavoriteRarity","type":"Dropdown","value":[]},{"idx":"OpenUI_CosmeticShop","type":"Toggle","value":false},{"idx":"OpenUI_GearShop","type":"Toggle","value":false},{"idx":"ShowUI_PetsTP","type":"Toggle","value":true},{"idx":"AutoFavoriteFruits","type":"Dropdown","value":[]},{"idx":"AutoCollectIgnoreMutations","type":"Dropdown","value":[]},{"idx":"PlantValueVisual","type":"Toggle","value":true},{"idx":"MoveFruitsMode","type":"Dropdown","value":""},{"idx":"RenderScreenColor","type":"Colorpicker","value":"000000"},{"idx":"HideNotification","type":"Toggle","value":false},{"idx":"AutoOpenSeedPacks","type":"Dropdown","value":[]},{"idx":"AutoCollectPerformanceMode","type":"Toggle","value":true},{"idx":"Themes","type":"Dropdown","value":"default"},{"idx":"ShowUI_GearTP","type":"Toggle","value":true},{"idx":"RemovePlayers","type":"Toggle","value":false},{"idx":"SkipSeedPackAnimation","type":"Toggle","value":false},{"idx":"ShowValueInventory","type":"Toggle","value":true},{"idx":"AutoTrade","type":"Toggle","value":false},{"idx":"Playerlist","type":"Dropdown","value":""},{"idx":"AutoPlaceEggsToggle","type":"Toggle","value":true},{"idx":"Eggs","type":"Dropdown","value":["All"]},{"idx":"TradeItems","type":"Dropdown","value":["All"]},{"idx":"AutoCollectStopWeather","type":"Dropdown","value":[]},{"idx":"MaxFPS","type":"Textbox","value":""},{"idx":"AutoPurchaseSummerShop","type":"Toggle","value":false},{"idx":"SummerShopAmount","type":"Slider","value":"1"},{"idx":"SummerShopItems","type":"Dropdown","value":[]},{"idx":"AutoPurchaseTravelingMerchant","type":"Toggle","value":false},{"idx":"FeedUntilHunger","type":"Slider","value":"1"},{"idx":"AutoSubmitSummerHarvest","type":"Toggle","value":true},{"idx":"ESP_Mode","type":"Dropdown","value":"If All"},{"idx":"AutoRods","type":"Dropdown","value":[]},{"idx":"TravelingMerchantItems","type":"Dropdown","value":[]},{"idx":"AutoSell","type":"Toggle","value":true},{"idx":"FarmTeleports","type":"Dropdown","value":""},{"idx":"ActivePets","type":"Dropdown","value":[]},{"idx":"AutoSellPetsRarities","type":"Dropdown","value":[]},{"idx":"AutoHatchEggs","type":"Toggle","value":true},{"idx":"SeedCraftItems","type":"Dropdown","value":""},{"idx":"SelectMutations","type":"Dropdown","value":[]},{"idx":"AutoPlaceEggs","type":"Dropdown","value":[]},{"idx":"TravelingMerchantAmount","type":"Slider","value":"1"},{"idx":"AutoGivePollinated","type":"Toggle","value":true},{"idx":"AutoRemoveFruits_Select","type":"Dropdown","value":[]},{"idx":"AutoCollectIgnoreFruits","type":"Dropdown","value":[]},{"idx":"AutoCollectWeight","type":"Textbox","value":""},{"idx":"AutoSellPetsWeight","type":"Textbox","value":""},{"idx":"AutoFavoriteWeight","type":"Slider","value":"0"},{"idx":"Gear","type":"Dropdown","value":["All"]},{"idx":"ServerHopToggle","type":"Toggle","value":false},{"idx":"MoveFruits","type":"Toggle","value":true},{"idx":"AutoPurchaseSeeds","type":"Toggle","value":true},{"idx":"MovableFruits","type":"Dropdown","value":["Green Apple","Blueberry","Kiwi","Pineapple","Banana"]},{"idx":"AutoCraftGearToggle","type":"Toggle","value":false},{"idx":"AutoRemove","type":"Toggle","value":true},{"idx":"AutoFavoritePrice","type":"Textbox","value":""},{"idx":"AutoExpand","type":"Toggle","value":true},{"idx":"ValuableFruitValue","type":"Textbox","value":""},{"idx":"AutoCollect","type":"Toggle","value":true},{"idx":"SeedAmount","type":"Slider","value":"0"},{"idx":"AutoClaimHoneyBottle","type":"Toggle","value":true},{"idx":"ESPToggle","type":"Toggle","value":false},{"idx":"AutoFeed","type":"Toggle","value":true},{"idx":"Seeds","type":"Dropdown","value":["All"]},{"idx":"AutoSellPetsMode","type":"Dropdown","value":"If Any"},{"idx":"AutoOpenSeedPacksSwitch","type":"Toggle","value":false},{"idx":"AutoSellDelay","type":"Slider","value":"1"},{"idx":"QueueOnTeleportToggle","type":"Toggle","value":true},{"idx":"SprinklerPositions","type":"Dropdown","value":["Banana","Kiwi","Pineapple"]}]}