{"Hide/Show Tree":false,"Hide Other Garden":false,"Auto Buy Cosmetic":false,"Full Bright":false,"Seed Stock Whitelist":["","All Selection"],"Make Pet Always At Middle":false,"ESP on Fruit":false,"Remove Fruit":false,"Plant Mode":"Random","Equip Seed":true,"Delete Other Tree":false,"Pet Food List":[""],"Hide Notification UI":false,"Auto Place Crate":false,"Auto Plant (Spam)":true,"Auto Reconnect":false,"Feed Delay (Minute)":60,"Auto Collect":false,"Anti AFK":true,"Freeze Pet Middle Mode":false,"Enable Esp Max Visible Distancing":false,"Remove Fruit Under KG":"","Auto Open Crate":false,"ESP Distance":30,"Auto Harvest (All)":true,"Auto Water (Spam)":false,"Calculate Fruit Value":false,"Pet List":[""],"Black Screen":false,"Weight 2":"","Infinite Jump":false,"Set Speed":"","Auto Collect 2":false,"Auto Buy Seed":true,"Delete Other Garden":false,"Disable 3d Rendering":false,"Select Pet List":[""],"Water Distance (Facing)":0,"Decrease World Quality":false,"Egg Info Esp":false,"Auto Place Egg":false,"Input Weight":"","Weight":"","Auto Buy Egg":false,"Auto Submit Pet (Events)":false,"Sell Delay (Seconds)":27,"Auto Pick Up Pet":false,"Water Speed":0.1,"Plant Speed":0.1,"Auto Sell Pet":false,"Auto Buy Traveling Merchant":false,"Decrease Texture Quality":false,"Auto Hatch Egg":false,"Auto Sell (Timer)":true,"Auto Buy Gear":false,"Job ID":"","Auto Sell (Full Backpack)":false,"Auto Plant":true,"Dont move a tree that was moved before":false,"Sell Pet Blacklist":[""],"Auto Feed Pet":false,"Plant Speed Advanced":10,"Remove Tree":false}